athlete_id,injured_in_risk_window,onset_day_offset,recovery_duration
1,0,19,15
2,1,23,10
3,1,15,11
4,1,23,14
5,1,24,10
6,1,24,10
7,1,22,11
8,1,23,11
9,1,22,13
10,1,19,11
11,1,24,10
12,1,26,13
13,1,21,15
14,1,23,10
15,1,24,10
16,1,23,11
17,1,14,11
18,1,9,11
19,1,26,11
20,1,22,8
21,1,21,10
22,1,12,10
23,1,8,10
24,1,21,9
25,1,21,11
26,1,23,15
27,1,12,9
28,1,24,10
29,1,24,11
30,1,21,10
31,1,23,11
32,1,24,14
33,1,24,10
34,1,22,8
35,1,24,10
36,1,10,13
37,1,22,10
38,1,22,11
39,1,23,11
40,1,22,10
41,1,23,11
42,1,4,9
43,1,22,10
44,1,21,10
45,1,22,16
46,1,23,13
47,1,22,15
48,1,23,10
49,1,25,9
50,1,12,12
51,1,25,15
52,1,20,11
53,1,2,8
54,1,22,11
55,1,22,10
56,1,22,11
57,1,15,15
58,1,23,11
59,1,24,10
60,1,23,9
61,1,18,11
62,1,20,14
63,1,23,13
64,1,22,9
65,1,20,15
66,1,25,10
67,1,24,12
68,1,8,11
69,1,25,9
70,1,24,14
71,1,22,10
72,1,23,10
73,1,11,11
74,1,21,10
75,1,24,14
76,1,17,8
77,1,23,10
78,1,20,14
79,1,15,13
80,1,2,12
81,1,22,15
82,1,21,16
83,1,25,16
84,1,21,10
85,1,21,10
86,1,3,10
87,1,24,11
88,1,11,10
89,1,14,16
90,1,6,11
91,1,23,13
92,1,25,11
93,1,23,14
94,1,25,14
95,1,25,10
96,1,21,12
97,1,8,10
98,1,21,11
99,1,21,9
100,1,25,12
101,1,17,14
102,1,24,10
103,1,24,14
104,1,21,10
105,1,22,15
106,1,26,14
107,1,22,14
108,1,22,10
109,1,3,10
110,1,23,10
111,1,24,10
112,1,23,9
113,1,24,10
114,1,20,11
115,1,24,10
116,1,25,11
117,1,22,14
118,1,23,14
119,1,24,11
120,1,23,11
121,1,25,10
122,1,5,14
123,1,26,17
124,1,23,9
125,1,20,11
126,0,17,10
127,1,18,14
128,1,23,13
129,1,23,17
130,1,23,9
131,1,8,16
132,1,24,10
133,1,26,14
134,1,24,13
135,1,24,14
136,1,22,11
137,1,24,12
138,1,24,10
139,1,23,11
140,1,21,14
141,1,20,14
142,1,24,9
143,1,24,16
144,0,17,11
145,1,24,9
146,0,19,9
147,1,23,11
148,0,18,10
149,1,24,11
150,1,25,13
151,1,2,10
152,1,24,13
153,0,15,15
154,1,24,10
155,1,23,15
156,1,10,11
157,0,18,11
158,1,23,14
159,1,9,10
160,1,2,12
161,1,24,14
162,1,24,10
163,1,12,12
164,1,21,14
165,1,25,10
166,1,9,13
167,0,22,11
168,1,8,11
169,1,24,14
170,1,25,14
171,1,21,10
172,1,24,13
173,1,23,10
174,1,6,16
175,1,12,12
176,0,17,14
177,1,27,11
178,1,26,13
179,1,21,11
180,1,24,14
181,1,24,15
182,1,21,10
183,1,25,11
184,1,25,10
185,1,21,10
186,1,11,11
187,1,23,9
188,1,18,10
189,1,9,9
190,1,24,11
191,1,25,10
192,1,9,8
193,1,24,9
194,1,20,14
195,1,24,10
196,1,22,10
197,1,24,9
198,1,11,10
199,1,25,10
200,1,14,15
201,1,26,13
202,1,24,15
203,1,25,14
204,1,24,8
205,1,22,13
206,1,22,10
207,1,23,15
208,1,24,10
209,1,24,11
210,1,16,11
211,1,23,10
212,1,24,14
213,1,25,13
214,1,23,13
215,1,24,16
216,1,25,14
217,1,24,10
218,1,2,13
219,1,20,10
220,1,23,11
221,1,24,15
222,1,22,10
223,1,6,15
224,1,21,9
225,1,2,17
226,1,20,10
227,1,18,14
228,1,20,10
229,1,24,11
230,1,23,15
231,1,20,9
232,1,21,10
233,1,22,14
234,1,26,9
235,1,21,14
236,0,14,16
237,1,22,9
238,1,21,13
239,1,22,11
240,1,25,14
241,1,21,10
242,1,24,9
243,1,23,14
244,1,19,14
245,1,22,9
246,1,22,11
247,1,24,10
248,1,23,10
249,1,23,16
250,1,21,11
251,1,21,10
252,1,14,10
253,1,24,9
254,1,16,11
255,1,21,12
256,1,16,9
257,1,23,13
258,1,2,12
259,1,23,11
260,1,23,10
261,1,22,13
262,1,23,12
263,1,24,10
264,1,23,14
265,1,18,14
266,1,23,11
267,1,24,10
268,1,26,9
269,1,25,10
270,1,22,14
271,1,12,16
272,1,21,7
273,1,25,11
274,1,4,9
275,1,25,9
276,1,3,12
277,1,24,12
278,1,24,16
279,1,24,9
280,1,20,16
281,1,22,11
282,1,24,11
283,1,19,11
284,1,26,13
285,1,23,10
286,1,24,12
287,0,17,11
288,1,7,14
289,1,25,12
290,1,22,13
291,1,4,11
292,1,22,13
293,1,4,17
294,0,17,10
295,1,24,15
296,1,12,10
297,1,23,11
298,1,24,11
299,1,23,10
300,1,23,10
301,1,21,10
302,1,25,15
303,1,23,14
304,1,22,10
305,1,27,8
306,1,22,11
307,1,23,10
308,1,20,10
309,1,24,14
310,1,23,10
311,1,21,9
312,1,25,10
313,1,12,10
314,1,21,10
315,1,9,9
316,1,5,10
317,1,22,9
318,1,22,10
319,1,23,11
320,1,24,14
321,1,17,10
322,1,22,14
323,1,20,10
324,1,27,11
325,1,21,15
326,1,23,12
327,1,2,11
328,1,7,8
329,1,21,13
330,1,22,11
331,1,25,12
332,1,22,10
333,1,17,10
334,1,9,9
335,1,6,8
336,1,24,9
337,1,25,10
338,1,24,8
339,1,23,16
340,1,23,13
341,1,23,13
342,1,23,10
343,1,12,11
344,1,23,11
345,1,23,14
346,1,25,16
347,1,21,9
348,1,21,11
349,1,25,15
350,1,19,13
351,1,24,13
352,1,8,16
353,1,7,11
354,1,25,11
355,1,8,11
356,1,23,10
357,1,23,10
358,1,20,10
359,1,25,16
360,1,22,13
361,1,20,10
362,1,19,11
363,1,23,12
364,1,22,12
365,1,25,9
366,1,5,11
367,1,21,9
368,1,23,11
369,1,6,10
370,0,14,11
371,1,25,10
372,1,23,10
373,1,11,12
374,1,25,9
375,1,9,9
376,1,23,13
377,1,13,10
378,1,12,10
379,1,21,10
380,1,22,11
381,1,22,14
382,1,21,10
383,1,22,9
384,1,21,10
385,1,23,14
386,1,22,10
387,0,19,11
388,1,19,11
389,1,25,13
390,1,25,8
391,1,2,12
392,1,22,10
393,1,24,10
394,1,21,11
395,1,25,10
396,1,22,14
397,1,12,13
398,1,23,10
399,1,21,9
400,1,23,11
401,1,24,10
402,1,23,11
403,1,24,9
404,1,18,13
405,1,24,9
406,1,24,14
407,1,23,10
408,1,10,13
409,1,2,11
410,1,21,10
411,1,24,10
412,1,22,10
413,1,24,12
414,1,21,10
415,1,22,7
416,1,25,10
417,1,25,10
418,1,24,11
419,1,22,9
420,1,24,14
421,1,16,14
422,1,21,13
423,1,23,9
424,1,23,11
425,1,20,14
426,1,21,10
427,1,23,12
428,1,23,11
429,1,21,13
430,1,22,10
431,1,22,11
432,1,23,15
433,1,25,16
434,1,23,11
435,1,25,9
436,1,14,12
437,1,21,12
438,1,24,9
439,1,25,11
440,1,24,10
441,1,24,9
442,1,24,11
443,1,23,16
444,1,26,10
445,1,26,11
446,1,5,13
447,1,12,11
448,1,22,11
449,1,24,10
450,1,22,11
451,0,17,10
452,0,14,15
453,1,24,10
454,1,7,8
455,1,12,14
456,1,21,9
457,1,26,13
458,1,26,9
459,1,22,11
460,1,22,8
461,1,24,9
462,1,22,14
463,1,24,12
464,1,25,12
465,1,24,9
466,1,10,11
467,1,21,10
468,1,24,10
469,1,8,10
470,1,23,10
471,1,18,9
472,1,24,10
473,1,23,14
474,1,22,14
475,1,21,8
476,1,23,12
477,1,26,12
478,1,26,13
479,1,23,10
480,1,23,14
481,1,22,9
482,1,23,13
483,1,11,11
484,1,25,9
485,1,24,10
486,1,22,11
487,1,22,16
488,1,6,11
489,1,18,16
490,1,23,9
491,1,24,9
492,1,22,9
493,1,22,11
494,1,20,10
495,1,22,14
496,1,23,13
497,1,21,16
498,1,24,10
499,1,25,14
500,1,24,15
501,1,25,15
502,1,25,15
503,1,26,12
504,1,3,8
505,1,23,11
506,1,23,10
507,1,22,16
508,1,24,11
509,1,24,10
510,1,2,9
511,1,15,10
512,1,4,10
513,1,21,14
514,1,24,10
515,1,23,14
516,1,25,12
517,1,25,14
518,1,21,14
519,1,23,10
520,1,24,12
521,1,23,10
522,1,23,10
523,1,2,10
524,1,21,11
525,1,22,11
526,1,19,10
527,1,23,10
528,1,25,15
529,1,25,10
530,1,23,10
531,1,22,11
532,1,20,10
533,1,23,14
534,1,24,14
535,1,25,13
536,1,23,11
537,1,23,9
538,1,5,10
539,1,23,13
540,1,21,14
541,1,22,10
542,0,16,10
543,1,24,11
544,1,25,10
545,1,23,14
546,1,24,16
547,1,4,9
548,1,4,15
549,1,25,10
550,1,15,8
551,1,21,13
552,1,24,10
553,1,23,10
554,1,24,11
555,1,24,10
556,1,25,14
557,1,22,14
558,1,2,9
559,1,25,14
560,1,22,9
561,1,20,9
562,1,23,10
563,1,24,10
564,0,16,10
565,1,23,13
566,1,10,10
567,1,25,10
568,1,24,14
569,1,26,10
570,1,15,12
571,1,12,9
572,1,26,14
573,1,22,13
574,1,21,15
575,1,24,10
576,1,24,10
577,1,23,15
578,1,26,12
579,1,10,13
580,1,6,11
581,1,25,9
582,1,23,8
583,1,26,13
584,1,25,10
585,1,24,14
586,1,21,10
587,1,4,11
588,1,26,10
589,1,25,9
590,1,24,10
591,1,25,10
592,1,9,10
593,1,23,14
594,1,21,15
595,0,15,14
596,1,23,11
597,1,24,11
598,1,3,16
599,1,5,10
600,1,22,11
601,1,13,10
602,1,22,9
603,1,24,15
604,1,24,10
605,1,22,10
606,1,22,14
607,1,21,10
608,1,20,9
609,0,15,11
610,1,4,12
611,1,21,11
612,1,23,11
613,1,23,11
614,1,2,13
615,1,24,10
616,1,5,14
617,1,21,11
618,1,24,10
619,1,23,9
620,1,7,13
621,1,24,14
622,1,22,13
623,1,25,10
624,1,25,11
625,1,21,10
626,1,25,10
627,1,25,11
628,1,12,17
629,1,14,16
630,1,24,15
631,1,22,11
632,1,24,10
633,1,23,15
634,1,23,9
635,1,22,11
636,1,26,13
637,1,26,10
638,1,23,12
639,1,23,10
640,1,25,11
641,1,23,10
642,1,24,10
643,1,17,16
644,1,22,13
645,1,24,14
646,1,23,14
647,1,21,11
648,1,22,10
649,1,5,9
650,1,22,9
651,1,27,12
652,1,23,10
653,1,24,12
654,1,26,10
655,1,25,15
656,1,19,10
657,1,9,15
658,1,22,9
659,1,22,14
660,1,22,9
661,0,26,9
662,1,22,10
663,1,22,11
664,1,13,11
665,1,6,9
666,1,22,9
667,1,24,11
668,1,22,11
669,1,23,13
670,1,9,13
671,1,24,14
672,1,23,11
673,1,2,15
674,1,24,10
675,1,23,11
676,1,5,9
677,1,21,10
678,1,6,9
679,1,2,12
680,1,23,14
681,1,26,11
682,1,21,11
683,1,24,11
684,1,7,16
685,1,22,11
686,1,22,11
687,1,24,10
688,1,15,8
689,1,22,11
690,1,22,9
691,1,22,13
692,1,23,10
693,1,20,12
694,1,20,16
695,1,22,9
696,1,25,11
697,1,23,10
698,1,5,9
699,1,23,10
700,1,18,15
701,1,24,10
702,1,6,10
703,1,23,16
704,1,8,15
705,1,9,10
706,1,22,10
707,1,24,10
708,1,14,12
709,1,23,15
710,1,4,17
711,1,26,16
712,1,2,14
713,1,9,12
714,1,6,10
715,1,22,11
716,1,22,11
717,1,20,10
718,1,24,14
719,1,12,11
720,1,22,10
721,0,15,15
722,1,23,14
723,1,22,9
724,1,21,10
725,1,26,13
726,1,24,9
727,1,9,16
728,1,6,9
729,1,23,10
730,1,22,10
731,1,24,14
732,1,26,11
733,1,24,9
734,1,22,10
735,1,4,11
736,1,16,8
737,1,26,9
738,1,21,10
739,1,22,14
740,1,22,15
741,1,25,11
742,1,26,10
743,1,21,10
744,1,22,10
745,1,23,10
746,0,16,10
747,1,24,9
748,1,23,15
749,1,24,13
750,1,24,14
751,1,22,12
752,1,26,11
753,1,23,9
754,1,23,9
755,1,25,11
756,1,23,14
757,1,23,9
758,1,23,11
759,1,22,13
760,1,9,10
761,1,24,10
762,1,9,15
763,1,10,14
764,1,23,14
765,1,22,14
766,1,25,10
767,1,23,10
768,1,23,10
769,1,23,10
770,1,22,14
771,1,22,10
772,1,12,14
773,1,23,10
774,1,25,10
775,1,24,15
776,1,22,10
777,1,26,16
778,1,22,10
779,1,15,15
780,1,4,17
781,1,24,10
782,1,22,9
783,1,12,10
784,1,20,9
785,1,22,11
786,1,23,9
787,1,24,11
788,1,26,8
789,1,24,13
790,1,23,10
791,1,23,11
792,1,20,16
793,1,26,10
794,1,21,10
795,1,5,9
796,1,26,9
797,1,3,10
798,1,24,14
799,1,2,18
800,1,24,11
801,1,25,10
802,1,6,15
803,1,22,11
804,1,20,10
805,1,22,16
806,1,25,11
807,1,17,11
808,1,22,10
809,1,21,11
810,1,24,12
811,1,26,10
812,1,24,11
813,1,8,10
814,1,19,10
815,1,17,11
816,1,15,9
817,1,24,10
818,1,23,13
819,1,25,10
820,1,24,15
821,1,19,11
822,1,23,10
823,0,14,14
824,1,22,10
825,1,16,14
826,1,25,10
827,1,23,12
828,1,14,9
829,1,24,15
830,1,24,10
831,1,26,11
832,1,26,12
833,1,21,10
834,1,24,11
835,1,21,10
836,1,25,9
837,1,22,10
838,1,24,10
839,1,2,11
840,1,7,12
841,1,6,9
842,1,21,11
843,1,23,9
844,1,21,10
845,1,25,13
846,1,25,10
847,1,24,15
848,1,23,9
849,1,24,10
850,1,12,11
851,1,13,9
852,1,21,11
853,1,8,15
854,1,24,11
855,1,13,14
856,1,23,13
857,1,24,10
858,1,21,11
859,1,11,11
860,1,23,10
861,1,23,10
862,1,23,11
863,1,24,10
864,1,9,10
865,0,14,10
866,1,22,10
867,1,25,10
868,1,22,11
869,1,24,14
870,1,23,12
871,1,24,9
872,1,4,16
873,1,25,13
874,1,16,10
875,1,20,10
876,1,21,9
877,1,20,10
878,1,3,9
879,1,26,10
880,1,24,9
881,1,26,14
882,1,20,11
883,1,24,16
884,1,2,15
885,1,23,13
886,1,23,9
887,1,22,10
888,1,23,13
889,1,24,14
890,1,20,9
891,1,22,12
892,1,25,9
893,1,23,11
894,1,25,9
895,1,16,9
896,1,19,11
897,1,17,8
898,1,24,11
899,1,3,15
900,1,11,11
901,1,25,11
902,1,4,12
903,1,23,12
904,1,22,10
905,1,13,8
906,1,24,10
907,1,23,13
908,1,23,15
909,1,24,10
910,1,25,11
911,1,16,9
912,1,24,9
913,1,22,11
914,1,23,15
915,0,18,13
916,1,22,13
917,1,27,16
918,1,22,10
919,1,5,10
920,1,2,10
921,1,13,15
922,1,21,13
923,1,22,10
924,0,19,14
925,1,21,10
926,1,19,9
927,1,23,10
928,1,25,14
929,1,18,9
930,1,3,12
931,1,7,8
932,1,25,16
933,1,21,10
934,1,24,10
935,1,21,9
936,1,23,10
937,1,22,14
938,1,21,15
939,1,23,10
940,1,23,10
941,1,26,10
942,1,4,9
943,1,22,11
944,1,25,12
945,1,23,11
946,1,23,10
947,1,23,10
948,1,15,8
949,1,24,9
950,1,6,9
951,1,24,11
952,1,23,9
953,1,20,14
954,1,23,10
955,1,21,15
956,1,23,10
957,1,14,10
958,1,25,10
959,1,23,11
960,1,24,9
961,1,23,12
962,1,22,15
963,1,24,15
964,1,23,10
965,1,23,16
966,1,22,11
967,1,17,15
968,1,26,15
969,1,19,10
970,1,22,10
971,1,22,11
972,1,26,9
973,1,21,11
974,1,4,8
975,1,22,14
976,1,23,14
977,1,21,14
978,1,24,15
979,1,8,9
980,1,25,11
981,1,23,9
982,1,24,15
983,0,16,11
984,1,26,14
985,1,20,10
986,1,25,8
987,1,22,15
988,1,25,14
989,1,10,16
990,1,22,11
991,1,23,10
992,1,23,15
993,1,2,8
994,1,22,10
995,1,22,14
996,1,23,10
997,1,22,16
998,1,10,11
999,1,24,14
1000,1,24,9
1001,1,22,15
1002,1,26,17
1003,1,22,16
1004,1,22,9
1005,1,23,9
1006,1,24,11
1007,1,21,11
1008,1,12,10
1009,1,5,12
1010,1,22,12
1011,1,23,12
1012,1,12,10
1013,1,23,14
1014,1,24,10
1015,1,20,15
1016,1,24,10
1017,1,24,10
1018,1,25,13
1019,1,24,10
1020,1,9,16
1021,1,26,13
1022,1,25,11
1023,1,14,9
1024,1,23,10
1025,0,17,10
1026,1,22,9
1027,1,23,10
1028,1,25,10
1029,1,22,13
1030,1,22,10
1031,1,23,10
1032,1,9,11
1033,1,20,14
1034,1,24,11
1035,1,24,11
1036,1,23,11
1037,1,23,13
1038,1,14,14
1039,1,9,14
1040,1,25,12
1041,1,10,10
1042,1,24,14
1043,0,18,11
1044,1,17,10
1045,1,4,11
1046,1,9,10
1047,1,19,10
1048,1,26,12
1049,1,24,10
1050,1,20,9
1051,1,24,10
1052,0,15,11
1053,1,24,11
1054,1,24,15
1055,1,13,14
1056,1,18,10
1057,1,2,8
1058,1,24,11
1059,1,11,16
1060,1,24,14
1061,1,6,11
1062,1,12,10
1063,1,23,10
1064,1,23,10
1065,1,24,12
1066,1,23,9
1067,1,23,14
1068,1,25,10
1069,1,24,13
1070,1,25,10
1071,1,23,10
1072,1,24,11
1073,1,22,10
1074,1,22,10
1075,1,23,11
1076,1,21,14
1077,1,2,12
1078,1,26,12
1079,1,16,10
1080,1,23,12
1081,1,23,10
1082,1,5,10
1083,1,22,11
1084,1,11,9
1085,1,23,10
1086,1,26,11
1087,1,23,10
1088,1,14,14
1089,1,22,10
1090,0,18,10
1091,1,21,10
1092,1,26,16
1093,1,23,11
1094,1,22,11
1095,1,21,10
1096,1,24,9
1097,1,22,14
1098,0,17,11
1099,1,25,11
1100,1,25,14
1101,1,12,14
1102,1,24,10
1103,1,26,10
1104,1,8,11
1105,1,21,10
1106,1,25,15
1107,1,24,10
1108,1,22,11
1109,1,8,10
1110,1,24,9
1111,1,24,14
1112,1,20,11
1113,1,20,11
1114,1,25,14
1115,1,25,11
1116,1,26,9
1117,1,21,9
1118,1,24,10
1119,1,22,16
1120,1,25,14
1121,1,24,15
1122,1,25,10
1123,1,24,11
1124,1,24,10
1125,1,25,11
1126,1,13,12
1127,1,15,13
1128,1,18,15
1129,0,17,10
1130,1,20,13
1131,1,25,10
1132,1,28,14
1133,1,24,13
1134,1,24,16
1135,1,5,8
1136,1,25,9
1137,1,25,11
1138,1,23,10
1139,1,8,12
1140,1,23,10
1141,1,23,14
1142,1,4,8
1143,1,25,11
1144,1,23,9
1145,1,22,13
1146,1,24,14
1147,1,24,10
1148,1,22,11
1149,1,19,14
1150,1,23,16
1151,1,18,11
1152,1,22,11
1153,1,21,9
1154,1,23,17
1155,1,26,10
1156,1,23,10
1157,1,22,9
1158,1,26,12
1159,1,24,15
1160,1,24,8
1161,1,7,11
1162,1,23,9
1163,1,20,10
1164,1,22,11
1165,0,18,10
1166,1,23,10
1167,1,23,10
1168,1,8,14
1169,1,22,15
1170,1,23,10
1171,1,9,16
1172,1,22,10
1173,1,27,12
1174,1,6,10
1175,1,23,10
1176,1,23,14
1177,1,21,10
1178,1,24,10
1179,1,23,13
1180,1,23,14
1181,0,16,16
1182,1,26,10
1183,1,12,12
1184,1,13,9
1185,1,26,15
1186,1,23,14
1187,1,19,10
1188,1,23,15
1189,1,22,14
1190,1,25,14
1191,1,25,10
1192,1,10,15
1193,1,24,10
1194,1,24,11
1195,1,24,13
1196,1,21,15
1197,1,27,11
1198,1,22,9
1199,1,25,11
1200,1,22,10
1201,1,25,9
1202,1,23,10
1203,1,24,11
1204,1,25,9
1205,1,25,10
1206,1,9,17
1207,1,27,7
1208,1,9,11
1209,1,24,16
1210,1,24,10
1211,1,25,10
1212,1,24,11
1213,0,14,11
1214,1,21,13
1215,1,3,12
1216,1,17,13
1217,1,27,9
1218,1,24,8
1219,1,8,16
1220,1,21,13
1221,1,21,13
1222,1,23,11
1223,1,9,12
1224,1,23,14
1225,1,26,14
1226,1,24,8
1227,1,14,14
1228,1,18,9
1229,1,2,11
1230,1,22,10
1231,1,6,13
1232,1,10,12
1233,1,19,9
1234,1,20,10
1235,1,24,11
1236,1,24,9
1237,1,3,12
1238,1,11,11
1239,1,2,14
1240,1,13,13
1241,1,26,9
1242,1,17,15
1243,1,3,12
1244,1,5,12
1245,0,15,11
1246,1,22,10
1247,1,23,10
1248,1,19,14
1249,1,23,14
1250,1,25,11
1251,1,24,10
1252,1,24,10
1253,1,26,10
1254,1,24,11
1255,1,23,15
1256,1,24,12
1257,1,23,10
1258,1,23,14
1259,1,28,13
1260,1,19,15
1261,1,24,13
1262,1,17,10
1263,1,17,15
1264,1,15,13
1265,1,23,10
1266,1,19,10
1267,1,2,8
1268,1,25,10
1269,1,4,10
1270,1,24,9
1271,1,23,9
1272,1,24,11
1273,1,20,13
1274,1,24,12
1275,1,19,18
1276,1,23,10
1277,1,10,11
1278,1,27,15
1279,1,12,12
1280,1,24,10
1281,1,23,10
1282,1,24,10
1283,1,24,14
1284,1,21,12
1285,0,22,9
1286,1,23,14
1287,1,24,9
1288,1,18,11
1289,1,26,14
1290,1,21,10
1291,1,24,16
1292,1,23,11
1293,1,3,10
1294,0,22,10
1295,1,26,16
1296,1,6,10
1297,1,27,12
1298,1,20,10
1299,1,22,9
1300,1,23,14
1301,1,20,17
1302,1,11,11
1303,1,2,11
1304,1,23,10
1305,1,24,11
1306,1,25,10
1307,1,25,11
1308,1,21,16
1309,1,23,13
1310,1,11,12
1311,1,23,14
1312,1,22,8
1313,1,23,10
1314,1,6,9
1315,1,10,11
1316,1,24,15
1317,1,22,13
1318,1,21,10
1319,1,16,10
1320,1,23,10
1321,1,24,9
1322,1,5,13
1323,1,22,9
1324,1,21,10
1325,1,24,9
1326,1,24,10
1327,1,24,10
1328,1,7,12
1329,1,5,11
1330,1,10,10
1331,1,22,10
1332,1,5,9
1333,1,21,16
1334,1,25,12
1335,1,21,13
1336,1,26,16
1337,1,20,15
1338,1,24,14
1339,1,24,15
1340,1,25,9
1341,1,25,10
1342,1,26,15
1343,1,23,10
1344,1,26,14
1345,1,22,11
1346,1,9,14
1347,1,26,10
1348,1,25,13
1349,1,24,10
1350,1,21,13
1351,1,6,9
1352,1,21,10
1353,1,24,10
1354,1,22,10
1355,1,18,11
1356,1,24,11
1357,1,20,11
1358,1,23,10
1359,1,21,11
1360,1,23,9
1361,1,22,13
1362,1,5,13
1363,1,20,8
1364,1,23,9
1365,1,20,14
1366,1,23,10
1367,1,27,12
1368,1,22,11
1369,1,23,15
1370,1,5,13
1371,1,9,13
1372,1,21,14
1373,1,14,15
1374,1,22,14
1375,1,26,14
1376,1,22,10
1377,1,25,10
1378,1,23,13
1379,1,25,10
1380,1,20,10
1381,1,11,11
1382,1,16,13
1383,1,23,9
1384,1,24,10
1385,1,3,8
1386,1,25,14
1387,1,21,8
1388,1,22,15
1389,1,23,10
1390,1,2,12
1391,1,22,12
1392,1,25,10
1393,1,23,13
1394,1,21,14
1395,1,21,10
1396,0,14,10
1397,1,19,16
1398,1,23,13
1399,1,25,10
1400,1,8,9
1401,1,21,8
1402,1,25,9
1403,1,25,10
1404,1,24,13
1405,1,21,10
1406,1,23,11
1407,1,2,12
1408,1,12,12
1409,1,19,10
1410,1,21,14
1411,1,23,10
1412,1,26,12
1413,1,18,9
1414,1,24,14
1415,1,24,15
1416,1,23,10
1417,1,24,11
1418,1,20,10
1419,1,25,14
1420,1,24,15
1421,1,10,11
1422,1,24,9
1423,1,22,11
1424,1,22,10
1425,1,23,11
1426,1,19,10
1427,1,23,11
1428,1,23,10
1429,1,6,15
1430,1,21,11
1431,1,22,9
1432,1,23,14
1433,1,21,14
1434,1,25,15
1435,1,22,10
1436,1,9,10
1437,1,22,15
1438,1,21,11
1439,1,24,11
1440,1,5,15
1441,1,24,10
1442,1,25,9
1443,1,21,10
1444,1,24,14
1445,1,7,15
1446,1,5,8
1447,1,25,10
1448,1,22,10
1449,1,24,10
1450,1,23,10
1451,1,22,10
1452,1,2,10
1453,1,21,11
1454,1,24,13
1455,1,5,15
1456,1,24,10
1457,1,25,11
1458,1,23,15
1459,0,19,10
1460,1,22,11
1461,1,3,11
1462,1,23,11
1463,1,25,14
1464,1,22,10
1465,1,24,10
1466,1,7,11
1467,1,25,9
1468,1,24,10
1469,1,22,11
1470,1,20,10
1471,1,21,10
1472,1,23,10
1473,1,23,11
1474,1,24,9
1475,1,3,17
1476,1,23,11
1477,1,10,10
1478,0,16,11
1479,1,22,10
1480,1,25,15
1481,1,25,11
1482,1,12,9
1483,1,22,12
1484,1,24,10
1485,1,24,10
1486,1,23,10
1487,1,23,11
1488,1,24,14
1489,1,12,12
1490,1,5,11
1491,1,23,11
1492,1,12,10
1493,0,15,10
1494,1,12,11
1495,1,2,11
1496,1,26,15
1497,1,22,11
1498,0,18,10
1499,1,22,10
1500,1,18,10
1501,1,19,10
1502,1,25,10
1503,1,24,14
1504,1,24,12
1505,1,23,13
1506,1,7,11
1507,1,24,10
1508,1,23,9
1509,1,22,10
1510,1,22,15
1511,1,24,10
1512,1,23,11
1513,1,24,13
1514,1,22,14
1515,1,24,15
1516,1,23,10
1517,0,17,10
1518,1,19,11
1519,1,25,10
1520,1,22,16
1521,1,23,11
1522,1,23,14
1523,1,24,13
1524,1,24,11
1525,1,24,11
1526,1,22,11
1527,1,18,10
1528,1,5,12
1529,1,25,12
1530,1,12,11
1531,1,22,10
1532,1,23,11
1533,1,2,14
1534,1,22,16
1535,1,23,10
1536,1,22,10
1537,1,21,10
1538,1,15,14
1539,1,25,10
1540,1,25,12
1541,1,14,9
1542,1,8,11
1543,1,23,11
1544,1,21,11
1545,1,12,10
1546,1,23,15
1547,1,2,10
1548,1,3,10
1549,1,25,10
1550,1,23,14
1551,1,20,14
1552,1,24,13
1553,1,23,15
1554,1,22,15
1555,1,26,13
1556,1,24,14
1557,1,22,9
1558,1,27,12
1559,1,24,14
1560,1,23,11
1561,1,23,9
1562,1,25,10
1563,1,11,14
1564,1,24,15
1565,1,22,15
1566,1,23,10
1567,1,23,14
1568,1,22,13
1569,1,20,10
1570,1,24,12
1571,1,24,13
1572,1,23,10
1573,1,24,11
1574,1,25,9
1575,1,22,16
1576,1,22,14
1577,1,20,14
1578,1,23,10
1579,1,24,12
1580,0,19,11
1581,1,19,10
1582,1,9,9
1583,1,24,14
1584,1,19,11
1585,1,23,15
1586,1,23,10
1587,1,23,10
1588,1,10,9
1589,1,24,16
1590,1,25,9
1591,1,20,16
1592,1,20,16
1593,1,16,15
1594,1,7,9
1595,0,20,10
1596,1,23,9
1597,1,22,11
1598,1,23,10
1599,1,26,10
1600,1,8,11
1601,1,16,10
1602,1,23,10
1603,1,17,11
1604,1,22,10
1605,1,21,14
1606,1,25,9
1607,1,8,16
1608,1,23,14
1609,1,16,15
1610,1,22,10
1611,0,15,11
1612,1,22,11
1613,1,25,13
1614,1,17,10
1615,1,21,9
1616,1,8,9
1617,1,9,10
1618,0,19,15
1619,1,22,11
1620,1,20,11
1621,1,23,10
1622,1,26,15
1623,1,22,10
1624,1,24,14
1625,1,20,12
1626,1,23,11
1627,1,22,11
1628,1,22,9
1629,1,10,11
1630,1,24,10
1631,1,26,10
1632,1,24,11
1633,1,24,9
1634,1,24,10
1635,1,23,14
1636,1,23,11
1637,1,22,10
1638,1,23,14
1639,1,24,9
1640,1,9,14
1641,1,20,10
1642,1,21,10
1643,1,9,12
1644,1,25,15
1645,1,23,10
1646,1,23,14
1647,1,23,10
1648,1,20,12
1649,1,9,15
1650,1,4,9
1651,1,22,12
1652,1,23,10
1653,1,25,14
1654,1,25,11
1655,1,11,10
1656,1,23,10
1657,1,23,10
1658,1,2,10
1659,1,25,14
1660,1,24,10
1661,1,24,9
1662,1,25,11
1663,1,24,10
1664,1,25,10
1665,1,12,9
1666,1,7,9
1667,1,25,12
1668,1,26,12
1669,1,21,11
1670,1,24,15
1671,1,23,12
1672,1,14,13
1673,1,23,9
1674,1,3,14
1675,1,23,10
1676,1,22,14
1677,1,12,12
1678,1,25,10
1679,1,13,8
1680,1,22,11
1681,1,24,11
1682,1,24,10
1683,1,23,15
1684,1,25,11
1685,1,11,11
1686,1,24,10
1687,1,24,10
1688,1,23,12
1689,1,24,11
1690,1,23,9
1691,1,22,13
1692,1,20,10
1693,1,23,14
1694,1,20,14
1695,1,22,9
1696,1,24,15
1697,0,18,10
1698,1,15,11
1699,1,24,10
1700,1,24,9
1701,1,26,8
1702,1,23,15
1703,1,23,13
1704,1,20,11
1705,1,2,11
1706,1,25,14
1707,0,15,11
1708,1,23,13
1709,1,22,14
1710,1,24,13
1711,1,9,11
1712,1,20,12
1713,1,3,12
1714,0,17,11
1715,1,24,11
1716,1,21,11
1717,1,20,10
1718,1,23,10
1719,1,24,15
1720,1,22,12
1721,1,3,17
1722,1,24,10
1723,1,4,9
1724,1,22,10
1725,1,22,9
1726,1,23,11
1727,1,5,9
1728,1,22,10
1729,1,23,10
1730,1,20,11
1731,0,16,10
1732,1,23,10
1733,1,23,13
1734,1,22,11
1735,1,24,11
1736,1,22,10
1737,0,24,10
1738,1,25,13
1739,1,11,10
1740,1,23,13
1741,1,4,8
1742,1,23,13
1743,1,21,10
1744,1,23,14
1745,1,23,10
1746,1,26,12
1747,1,27,9
1748,1,24,12
1749,1,22,16
1750,1,27,10
1751,1,20,14
1752,1,24,14
1753,1,22,15
1754,1,25,10
1755,1,24,10
1756,1,24,14
1757,1,24,13
1758,1,21,9
1759,1,11,16
1760,1,11,12
1761,1,27,11
1762,1,24,15
1763,1,21,10
1764,1,25,11
1765,1,23,10
1766,1,24,10
1767,1,18,10
1768,1,26,13
1769,1,19,13
1770,1,21,10
1771,1,23,10
1772,1,4,13
1773,1,24,14
1774,1,23,10
1775,1,24,10
1776,1,23,16
1777,1,20,10
1778,1,25,10
1779,1,24,11
1780,1,24,15
1781,1,5,10
1782,1,23,12
1783,1,27,11
1784,1,23,13
1785,1,24,9
1786,1,2,11
1787,1,2,10
1788,1,17,11
1789,1,22,11
1790,1,25,10
1791,1,13,10
1792,1,23,16
1793,1,11,15
1794,0,16,10
1795,1,24,10
1796,1,24,10
1797,0,19,11
1798,1,24,10
1799,1,25,9
1800,1,25,13
1801,1,22,12
1802,1,25,10
1803,1,11,11
1804,1,23,11
1805,1,10,13
1806,1,24,9
1807,1,24,9
1808,1,24,14
1809,1,22,15
1810,1,24,9
1811,1,24,13
1812,1,19,10
1813,1,22,10
1814,1,22,10
1815,1,21,9
1816,1,24,10
1817,1,23,10
1818,1,23,10
1819,1,26,15
1820,1,23,13
1821,1,24,10
1822,1,22,10
1823,1,22,9
1824,1,24,10
1825,1,16,12
1826,1,24,9
1827,1,2,11
1828,1,25,9
1829,1,24,11
1830,1,5,12
1831,1,26,9
1832,1,23,10
1833,1,9,10
1834,1,6,16
1835,1,5,9
1836,1,6,15
1837,1,5,10
1838,1,25,10
1839,1,19,10
1840,1,24,14
1841,1,20,14
1842,1,6,8
1843,1,22,10
1844,1,21,11
1845,1,23,11
1846,1,22,8
1847,0,18,14
1848,1,11,10
1849,1,21,10
1850,1,11,17
1851,1,25,11
1852,1,20,10
1853,1,24,10
1854,1,23,10
1855,1,23,13
1856,1,24,10
1857,1,22,10
1858,1,24,11
1859,1,20,10
1860,1,23,12
1861,1,23,11
1862,1,26,11
1863,1,22,13
1864,1,25,15
1865,1,7,10
1866,1,11,10
1867,1,13,17
1868,0,18,15
1869,1,23,10
1870,1,21,14
1871,1,24,13
1872,1,20,13
1873,1,22,14
1874,1,23,10
1875,1,22,12
1876,1,12,10
1877,1,5,13
1878,1,25,9
1879,1,23,10
1880,1,20,12
1881,1,25,13
1882,1,24,14
1883,1,22,11
1884,1,5,10
1885,1,3,13
1886,1,6,16
1887,1,25,14
1888,1,22,10
1889,1,23,10
1890,1,24,12
1891,1,25,14
1892,1,24,9
1893,1,24,14
1894,1,21,9
1895,1,23,11
1896,1,24,10
1897,1,21,10
1898,1,24,10
1899,1,23,10
1900,1,22,11
1901,1,26,11
1902,1,24,11
1903,1,22,11
1904,1,21,9
1905,1,23,14
1906,1,22,10
1907,1,23,10
1908,1,24,11
1909,1,22,11
1910,1,12,14
1911,1,23,10
1912,1,23,12
1913,1,21,13
1914,1,23,15
1915,1,21,13
1916,1,24,10
1917,1,24,14
1918,1,16,14
1919,1,22,11
1920,1,21,10
1921,1,24,13
1922,1,23,10
1923,1,2,10
1924,1,21,17
1925,1,26,10
1926,1,24,15
1927,1,24,13
1928,1,24,9
1929,1,16,12
1930,1,23,15
1931,1,11,16
1932,1,22,10
1933,1,25,15
1934,1,23,14
1935,1,27,9
1936,1,21,12
1937,1,25,10
1938,1,18,13
1939,1,22,10
1940,1,22,15
1941,1,22,11
1942,1,24,14
1943,1,22,12
1944,1,13,12
1945,1,25,10
1946,0,16,10
1947,1,21,10
1948,1,21,10
1949,1,22,11
1950,1,7,9
1951,1,25,9
1952,1,9,11
1953,1,25,13
1954,1,16,10
1955,1,24,9
1956,1,23,11
1957,1,22,10
1958,1,15,10
1959,1,23,10
1960,1,19,14
1961,1,16,16
1962,1,22,13
1963,1,3,12
1964,1,17,11
1965,1,18,11
1966,1,21,10
1967,1,21,10
1968,1,21,14
1969,1,25,8
1970,1,22,15
1971,1,24,13
1972,1,23,9
1973,1,24,14
1974,1,2,17
1975,1,25,10
1976,1,22,11
1977,1,25,12
1978,1,22,16
1979,0,18,10
1980,1,21,10
1981,1,23,10
1982,1,23,10
1983,1,27,10
1984,1,23,10
1985,1,25,9
1986,1,22,10
1987,1,23,10
1988,0,14,13
1989,1,11,11
1990,1,17,10
1991,1,23,10
1992,1,12,15
1993,1,25,10
1994,1,25,11
1995,1,13,9
1996,1,21,10
1997,1,22,9
1998,1,23,14
1999,1,24,10
2000,1,25,9
2001,1,7,16
2002,1,25,9
2003,1,25,10
2004,1,25,14
2005,1,12,10
2006,1,23,12
2007,1,26,16
2008,1,18,14
2009,1,23,8
2010,1,24,14
2011,1,25,14
2012,1,22,11
2013,1,24,14
2014,1,14,15
2015,1,20,10
2016,1,19,13
2017,1,2,12
2018,1,21,11
2019,1,24,13
2020,1,24,10
2021,1,14,10
2022,1,23,9
2023,1,14,10
2024,1,22,15
2025,1,22,10
2026,1,23,10
2027,1,22,12
2028,1,24,15
2029,1,2,10
2030,1,24,13
2031,1,23,14
2032,0,16,11
2033,1,24,10
2034,1,25,10
2035,1,21,9
2036,1,19,12
2037,1,22,10
2038,1,6,16
2039,1,19,10
2040,1,10,15
2041,1,22,11
2042,1,23,10
2043,1,23,15
2044,1,22,15
2045,1,25,11
2046,1,25,10
2047,1,19,15
2048,1,24,14
2049,1,2,16
2050,1,24,10
2051,1,25,10
2052,1,22,15
2053,1,21,12
2054,1,15,15
2055,1,15,11
2056,1,14,9
2057,1,23,13
2058,1,20,12
2059,1,25,16
2060,1,22,10
2061,1,23,16
2062,1,13,13
2063,1,21,11
2064,1,18,16
2065,1,20,15
2066,1,18,9
2067,1,11,8
2068,1,19,10
2069,1,23,14
2070,0,17,10
2071,1,23,14
2072,1,12,12
2073,1,24,9
2074,1,25,14
2075,1,24,11
2076,1,24,17
2077,1,25,10
2078,1,22,9
2079,1,24,13
2080,1,22,10
2081,1,25,12
2082,1,22,12
2083,1,24,10
2084,1,26,14
2085,1,21,13
2086,1,25,14
2087,1,23,15
2088,1,24,9
2089,1,7,11
2090,1,22,10
2091,1,19,12
2092,1,17,10
2093,1,6,16
2094,1,24,11
2095,1,22,12
2096,1,25,9
2097,1,21,10
2098,1,17,16
2099,1,21,11
2100,1,25,11
2101,1,22,14
2102,1,23,11
2103,1,23,14
2104,1,11,15
2105,1,24,9
2106,1,8,10
2107,1,11,16
2108,1,27,7
2109,1,24,10
2110,1,24,10
2111,1,11,12
2112,1,21,12
2113,1,20,10
2114,1,20,13
2115,1,21,10
2116,1,21,11
2117,1,25,10
2118,1,21,16
2119,1,12,11
2120,1,21,11
2121,1,16,12
2122,1,22,14
2123,1,16,10
2124,1,22,10
2125,1,20,10
2126,1,22,10
2127,1,24,10
2128,1,24,10
2129,1,3,9
2130,1,21,14
2131,1,24,10
2132,1,18,14
2133,1,24,11
2134,1,24,13
2135,1,23,13
2136,1,22,14
2137,1,9,16
2138,1,23,17
2139,1,21,11
2140,0,18,10
2141,1,19,14
2142,1,5,10
2143,1,9,11
2144,1,21,9
2145,1,21,14
2146,1,8,9
2147,1,22,13
2148,1,22,15
2149,1,25,9
2150,1,21,10
2151,1,24,15
2152,1,6,9
2153,1,20,12
2154,1,13,16
2155,1,22,14
2156,1,21,10
2157,1,24,10
2158,1,21,15
2159,1,24,16
2160,1,21,10
2161,1,10,16
2162,1,26,10
2163,1,23,9
2164,1,5,10
2165,1,24,9
2166,1,5,10
2167,1,22,14
2168,1,24,10
2169,1,9,16
2170,1,20,11
2171,1,23,11
2172,1,9,11
2173,1,23,10
2174,1,24,14
2175,1,25,11
2176,1,24,10
2177,1,15,9
2178,1,17,11
2179,1,14,12
2180,1,25,16
2181,1,19,10
2182,1,25,12
2183,1,21,12
2184,1,22,10
2185,1,24,10
2186,1,24,15
2187,1,23,10
2188,1,23,13
2189,1,4,11
2190,1,22,11
2191,1,20,9
2192,1,24,14
2193,1,22,16
2194,1,10,9
2195,1,2,15
2196,1,25,9
2197,0,16,10
2198,1,25,9
2199,1,23,10
2200,1,28,13
2201,1,20,12
2202,1,24,15
2203,1,20,12
2204,1,25,14
2205,1,24,15
2206,1,8,9
2207,1,22,10
2208,1,20,15
2209,1,22,14
2210,1,10,10
2211,1,24,10
2212,1,9,10
2213,1,26,15
2214,1,22,9
2215,1,24,9
2216,1,22,11
2217,1,11,11
2218,1,23,10
2219,1,22,10
2220,1,26,13
2221,1,21,15
2222,1,7,8
2223,1,23,11
2224,1,23,11
2225,1,23,11
2226,0,17,11
2227,1,23,15
2228,1,12,16
2229,1,24,11
2230,1,20,16
2231,1,22,15
2232,1,24,15
2233,1,24,13
2234,0,20,11
2235,1,26,12
2236,1,23,10
2237,1,23,13
2238,1,12,11
2239,1,5,12
2240,1,10,10
2241,1,22,15
2242,1,23,13
2243,1,23,12
2244,1,23,11
2245,1,24,15
2246,1,21,9
2247,1,20,13
2248,1,22,12
2249,1,26,12
2250,1,20,9
2251,1,22,10
2252,1,23,10
2253,1,23,11
2254,1,15,10
2255,1,21,10
2256,1,18,10
2257,1,25,10
2258,1,21,10
2259,1,23,13
2260,1,8,11
2261,1,23,15
2262,1,26,14
2263,1,24,12
2264,1,22,9
2265,1,24,10
2266,1,3,9
2267,1,23,10
2268,1,7,11
2269,1,23,15
2270,1,24,10
2271,1,23,15
2272,1,10,14
2273,1,21,10
2274,1,24,10
2275,1,26,13
2276,1,21,10
2277,1,24,11
2278,1,24,13
2279,1,25,10
2280,1,22,14
2281,1,23,10
2282,1,20,11
2283,1,9,10
2284,1,25,11
2285,1,17,11
2286,1,2,12
2287,1,3,13
2288,1,24,14
2289,1,22,16
2290,1,23,10
2291,0,17,10
2292,1,11,11
2293,1,24,10
2294,1,19,10
2295,1,25,10
2296,1,22,14
2297,1,25,10
2298,1,23,9
2299,1,23,11
2300,1,7,9
2301,1,23,11
2302,1,21,9
2303,1,23,9
2304,1,25,10
2305,1,23,10
2306,1,24,14
2307,1,22,10
2308,1,20,11
2309,1,19,10
2310,1,24,10
2311,1,22,17
2312,1,25,9
2313,1,5,12
2314,1,21,11
2315,1,22,11
2316,1,20,11
2317,1,24,10
2318,1,11,10
2319,1,4,14
2320,1,20,10
2321,1,17,11
2322,1,23,14
2323,1,23,9
2324,1,22,10
2325,1,25,11
2326,1,25,11
2327,1,25,9
2328,1,22,14
2329,1,23,10
2330,1,23,16
2331,1,21,17
2332,1,25,13
2333,1,23,9
2334,1,27,11
2335,1,23,11
2336,1,24,11
2337,1,24,10
2338,1,21,14
2339,1,21,11
2340,1,25,14
2341,1,10,11
2342,1,2,16
2343,1,23,12
2344,1,22,12
2345,1,24,14
2346,1,22,13
2347,1,23,13
2348,1,4,11
2349,1,21,10
2350,1,23,12
2351,1,24,9
2352,1,21,10
2353,1,11,16
2354,1,15,12
2355,1,24,9
2356,1,19,12
2357,1,23,9
2358,1,23,13
2359,0,18,14
2360,1,23,12
2361,1,24,10
2362,0,15,9
2363,1,11,10
2364,1,6,11
2365,1,21,10
2366,1,23,10
2367,1,26,13
2368,1,20,13
2369,1,12,11
2370,1,24,11
2371,1,22,10
2372,1,21,15
2373,1,22,10
2374,1,8,9
2375,1,27,9
2376,0,18,15
2377,1,12,12
2378,1,25,10
2379,1,25,9
2380,1,25,12
2381,1,23,10
2382,1,23,10
2383,1,19,14
2384,1,12,11
2385,1,24,14
2386,1,21,9
2387,1,24,14
2388,1,20,13
2389,1,23,10
2390,1,23,11
2391,1,9,11
2392,1,23,11
2393,1,11,16
2394,1,22,10
2395,1,14,11
2396,1,8,11
2397,1,23,11
2398,1,20,12
2399,1,22,11
2400,1,25,9
2401,1,14,15
2402,1,23,11
2403,1,22,8
2404,1,2,11
2405,0,15,10
2406,1,22,9
2407,1,22,13
2408,1,23,14
2409,1,3,15
2410,1,24,10
2411,1,22,9
2412,1,25,11
2413,1,21,10
2414,1,24,10
2415,1,13,10
2416,1,20,10
2417,1,22,14
2418,1,24,10
2419,1,3,9
2420,1,21,15
2421,1,25,14
2422,1,25,8
2423,1,18,13
2424,1,24,10
2425,1,22,10
2426,1,12,11
2427,1,24,11
2428,1,20,10
2429,1,9,10
2430,1,24,14
2431,1,23,9
2432,1,24,11
2433,1,22,9
2434,1,20,11
2435,1,20,10
2436,0,14,11
2437,1,26,10
2438,1,22,13
2439,1,19,10
2440,1,22,8
2441,1,25,11
2442,1,13,13
2443,1,23,10
2444,1,18,10
2445,1,21,8
2446,1,3,9
2447,1,23,10
2448,1,23,10
2449,1,12,10
2450,1,21,11
2451,1,24,10
2452,1,23,10
2453,1,23,14
2454,1,19,14
2455,1,9,9
2456,1,10,10
2457,1,9,11
2458,1,19,16
2459,1,22,9
2460,1,15,14
2461,1,21,11
2462,1,11,11
2463,1,24,14
2464,1,21,15
2465,1,25,11
2466,1,21,14
2467,1,25,14
2468,1,23,9
2469,1,17,8
2470,1,21,9
2471,1,9,11
2472,1,25,14
2473,1,22,10
2474,1,24,10
2475,1,3,12
2476,1,24,12
2477,1,24,15
2478,1,16,10
2479,1,27,12
2480,1,24,10
2481,1,14,13
2482,1,19,16
2483,1,22,16
2484,1,23,10
2485,1,24,11
2486,1,23,15
2487,1,16,16
2488,1,6,9
2489,1,22,10
2490,1,10,15
2491,1,23,10
2492,1,23,10
2493,1,18,9
2494,1,6,9
2495,1,23,10
2496,1,22,15
2497,1,5,12
2498,1,24,10
2499,1,23,15
2500,1,24,16
2501,1,8,10
2502,1,15,11
2503,1,23,10
2504,0,15,10
2505,1,24,15
2506,1,14,8
2507,1,25,13
2508,1,24,9
2509,1,23,11
2510,1,23,10
2511,1,21,10
2512,1,4,13
2513,1,25,15
2514,1,4,11
2515,1,17,12
2516,1,24,9
2517,1,23,15
2518,1,24,11
2519,1,27,11
2520,1,18,8
2521,1,25,11
2522,1,22,9
2523,1,11,10
2524,1,23,11
2525,1,22,9
2526,1,25,14
2527,1,24,15
2528,1,25,11
2529,1,5,9
2530,1,26,10
2531,1,25,16
2532,1,7,14
2533,1,23,14
2534,1,24,11
2535,1,12,15
2536,1,25,9
2537,1,10,11
2538,1,14,15
2539,1,20,10
2540,1,20,10
2541,1,25,16
2542,1,25,14
2543,1,23,13
2544,1,19,9
2545,1,11,10
2546,1,23,12
2547,1,23,14
2548,0,16,11
2549,1,19,11
2550,1,24,10
2551,1,24,11
2552,1,2,10
2553,1,11,12
2554,1,22,10
2555,1,13,10
2556,1,12,17
2557,1,24,11
2558,1,22,9
2559,1,23,10
2560,1,22,14
2561,1,25,9
2562,1,24,10
2563,1,23,10
2564,1,24,10
2565,1,25,13
2566,1,4,18
2567,1,7,12
2568,1,18,11
2569,1,25,10
2570,1,20,10
2571,1,7,12
2572,1,25,9
2573,1,21,13
2574,1,13,15
2575,1,23,13
2576,1,15,12
2577,1,23,10
2578,1,2,8
2579,1,23,11
2580,1,26,11
2581,1,11,10
2582,1,2,9
2583,1,24,15
2584,1,22,14
2585,1,23,10
2586,1,25,11
2587,1,2,12
2588,1,23,9
2589,1,12,10
2590,1,25,15
2591,1,4,10
2592,1,9,11
2593,1,23,12
2594,1,25,15
2595,1,24,9
2596,1,2,12
2597,1,24,10
2598,1,21,13
2599,0,17,11
2600,1,22,10
2601,1,23,11
2602,1,22,10
2603,1,22,11
2604,1,24,13
2605,1,17,10
2606,0,15,10
2607,1,25,11
2608,1,21,9
2609,1,25,11
2610,1,14,11
2611,1,12,11
2612,1,25,10
2613,1,24,10
2614,1,24,10
2615,1,25,10
2616,1,24,13
2617,1,25,10
2618,1,9,11
2619,1,24,11
2620,1,25,10
2621,1,23,15
2622,1,22,11
2623,1,22,14
2624,1,25,8
2625,1,26,14
2626,1,23,12
2627,1,20,12
2628,1,23,12
2629,1,22,10
2630,1,24,10
2631,1,22,14
2632,1,22,15
2633,1,20,15
2634,1,12,15
2635,1,24,14
2636,1,22,10
2637,1,22,9
2638,1,18,10
2639,1,23,13
2640,1,26,11
2641,1,20,10
2642,1,6,14
2643,1,23,15
2644,1,20,10
2645,1,25,15
2646,1,25,10
2647,1,20,14
2648,1,23,15
2649,1,20,11
2650,1,17,12
2651,1,24,13
2652,1,25,10
2653,1,25,13
2654,1,24,11
2655,0,19,14
2656,1,24,14
2657,1,26,10
2658,1,21,10
2659,1,23,10
2660,1,23,10
2661,0,14,11
2662,1,26,10
2663,1,25,10
2664,1,23,10
2665,1,24,16
2666,1,21,14
2667,1,21,10
2668,1,19,10
2669,1,21,16
2670,1,7,10
2671,1,25,14
2672,1,22,10
2673,1,22,15
2674,1,18,11
2675,1,21,9
2676,1,24,11
2677,1,22,10
2678,1,21,11
2679,1,8,11
2680,1,24,13
2681,1,5,9
2682,1,24,10
2683,1,24,10
2684,1,25,10
2685,1,22,10
2686,1,25,10
2687,1,23,10
2688,1,24,9
2689,1,18,9
2690,1,17,14
2691,1,26,8
2692,1,22,10
2693,1,9,15
2694,1,23,10
2695,1,24,11
2696,1,21,11
2697,1,26,13
2698,1,21,10
2699,1,23,14
2700,1,23,9
2701,1,26,11
2702,1,22,11
2703,1,24,12
2704,1,26,11
2705,1,24,11
2706,1,23,11
2707,1,13,8
2708,1,23,16
2709,1,22,10
2710,1,23,9
2711,1,25,10
2712,1,18,10
2713,1,23,13
2714,1,21,12
2715,1,3,10
2716,1,23,10
2717,1,24,10
2718,1,23,10
2719,1,26,12
2720,1,24,11
2721,1,22,10
2722,1,24,10
2723,1,23,11
2724,1,14,10
2725,1,23,10
2726,1,25,8
2727,1,6,13
2728,1,18,14
2729,1,22,11
2730,1,22,11
2731,1,23,14
2732,1,22,10
2733,1,20,9
2734,1,8,9
2735,1,7,13
2736,1,24,12
2737,1,22,8
2738,1,24,10
2739,1,27,13
2740,1,25,10
2741,1,23,11
2742,1,24,14
2743,1,25,12
2744,1,22,10
2745,1,23,11
2746,1,25,9
2747,1,22,10
2748,1,23,9
2749,1,23,13
2750,1,22,10
2751,1,9,11
2752,1,5,11
2753,1,25,9
2754,1,22,11
2755,1,26,11
2756,1,11,16
2757,1,24,11
2758,1,13,17
2759,1,21,10
2760,1,25,9
2761,1,22,10
2762,1,19,12
2763,1,23,11
2764,1,23,10
2765,1,24,10
2766,1,16,11
2767,1,8,10
2768,1,22,10
2769,1,21,11
2770,1,21,9
2771,1,8,9
2772,1,19,10
2773,1,20,13
2774,1,5,18
2775,1,24,12
2776,1,23,9
2777,1,23,15
2778,1,6,11
2779,1,22,11
2780,0,17,15
2781,1,21,10
2782,1,22,16
2783,1,24,11
2784,1,22,10
2785,1,24,14
2786,1,28,12
2787,1,22,10
2788,1,23,10
2789,1,23,10
2790,1,24,11
2791,1,17,14
2792,1,24,15
2793,1,23,15
2794,1,20,10
2795,1,23,10
2796,1,23,15
2797,1,23,10
2798,1,21,10
2799,1,23,15
2800,1,12,11
2801,1,17,10
2802,1,7,11
2803,1,6,9
2804,1,26,13
2805,1,24,14
2806,1,25,13
2807,1,20,15
2808,1,22,13
2809,1,23,10
2810,1,23,12
2811,1,26,11
2812,1,5,12
2813,1,24,8
2814,1,18,15
2815,1,23,10
2816,1,22,10
2817,1,24,10
2818,1,3,8
2819,1,24,11
2820,1,23,11
2821,1,21,10
2822,1,27,12
2823,1,23,10
2824,1,23,11
2825,1,7,17
2826,1,21,10
2827,1,24,14
2828,1,25,9
2829,1,19,10
2830,1,22,14
2831,1,23,10
2832,0,18,15
2833,1,21,11
2834,1,25,11
2835,1,22,15
2836,1,17,10
2837,1,25,13
2838,1,23,9
2839,1,9,10
2840,1,21,11
2841,0,16,11
2842,1,4,12
2843,1,23,10
2844,1,23,11
2845,1,24,9
2846,1,24,10
2847,1,26,9
2848,1,24,14
2849,1,11,10
2850,1,23,13
2851,1,19,10
2852,1,9,11
2853,1,24,11
2854,1,6,12
2855,1,24,14
2856,1,24,14
2857,1,24,16
2858,1,3,9
2859,1,21,11
2860,1,20,12
2861,1,21,11
2862,1,24,14
2863,1,24,10
2864,1,23,9
2865,1,25,10
2866,1,21,11
2867,1,24,17
2868,1,24,9
2869,1,23,10
2870,1,24,14
2871,1,24,11
2872,1,6,10
2873,1,24,10
2874,1,24,10
2875,1,24,13
2876,1,20,11
2877,1,22,14
2878,1,21,11
2879,1,21,10
2880,1,27,11
2881,1,22,15
2882,1,11,15
2883,1,19,8
2884,1,9,12
2885,1,24,10
2886,1,14,9
2887,1,24,15
2888,1,20,16
2889,1,24,15
2890,1,22,9
2891,1,22,13
2892,1,10,15
2893,1,22,11
2894,1,25,16
2895,1,23,10
2896,1,23,11
2897,1,23,12
2898,1,25,13
2899,1,26,12
2900,1,11,9
2901,1,23,10
2902,1,24,14
2903,1,23,10
2904,1,23,10
2905,1,8,9
2906,1,23,10
2907,1,22,11
2908,1,24,13
2909,1,24,10
2910,1,26,9
2911,1,20,10
2912,1,24,10
2913,1,25,11
2914,1,24,9
2915,1,23,14
2916,1,22,13
2917,1,9,14
2918,1,23,14
2919,1,23,14
2920,1,22,15
2921,1,22,14
2922,1,3,9
2923,1,8,12
2924,1,3,14
2925,1,4,12
2926,1,25,11
2927,1,23,10
2928,1,2,8
2929,1,24,9
2930,1,23,10
2931,1,21,9
2932,1,22,15
2933,1,27,11
2934,1,20,15
2935,1,16,11
2936,1,24,14
2937,1,2,17
2938,1,23,10
2939,1,23,12
2940,0,16,10
2941,1,24,10
2942,1,23,9
2943,1,21,10
2944,1,24,8
2945,1,23,11
2946,1,25,10
2947,1,21,10
2948,1,23,9
2949,1,21,14
2950,1,23,11
2951,1,25,13
2952,1,22,16
2953,1,19,11
2954,1,21,9
2955,1,23,11
2956,1,21,10
2957,1,22,13
2958,1,26,11
2959,1,23,10
2960,1,20,11
2961,1,8,10
2962,1,24,15
2963,1,24,10
2964,1,15,11
2965,1,24,14
2966,1,19,13
2967,1,20,14
2968,1,22,10
2969,1,23,9
2970,1,19,12
2971,1,14,10
2972,1,25,9
2973,1,24,10
2974,0,18,10
2975,1,27,16
2976,1,21,9
2977,1,22,11
2978,1,8,11
2979,1,11,11
2980,1,22,15
2981,1,6,10
2982,1,23,11
2983,1,24,10
2984,1,22,15
2985,1,27,10
2986,1,19,11
2987,1,4,13
2988,1,7,10
2989,1,24,10
2990,1,23,15
2991,1,25,11
2992,1,25,11
2993,1,20,12
2994,1,24,11
2995,1,22,10
2996,1,21,15
2997,1,22,10
2998,1,23,9
2999,1,23,13
3000,1,22,10
